
INSERT INTO evento_ancora (id, nome, descricao, disponibilidade, data_inicio, data_fim, criado_em, atualizado_em, deletado_em)
VALUES
('123e4567-e89b-12d3-a456-426614174000', 'Evento 1', 'Descrição do Evento 1', 'DISPONIVEL', '2024-01-01 09:00:00', '2024-01-01 18:00:00', '2023-12-25 10:00:00', '2023-12-26 11:00:00', NULL),
('123e4567-e89b-12d3-a456-426614174001', 'Evento 2', 'Descrição do Evento 2', 'DISPONIVEL', '2024-02-01 09:00:00', '2024-02-01 18:00:00', '2023-12-30 10:00:00', '2023-12-31 11:00:00', NULL),
('123e4567-e89b-12d3-a456-426614174002', 'Evento 3', 'Descrição do Evento 3', 'DISPONIVEL', '2024-03-01 09:00:00', '2024-03-01 18:00:00', '2024-01-01 10:00:00', '2024-01-02 11:00:00', NULL),
('123e4567-e89b-12d3-a456-426614174003', 'Evento 4', 'Descrição do Evento 4', 'DISPONIVEL', '2024-04-01 09:00:00', '2024-04-01 18:00:00', '2024-01-10 10:00:00', '2024-01-11 11:00:00', NULL),
('123e4567-e89b-12d3-a456-426614174004', 'Evento 5', 'Descrição do Evento 5', 'DISPONIVEL', '2024-05-01 09:00:00', '2024-05-01 18:00:00', '2024-01-15 10:00:00', '2024-01-16 11:00:00', NULL),
('123e4567-e89b-12d3-a456-426614174005', 'Evento 6', 'Descrição do Evento 6', 'DISPONIVEL', '2024-06-01 09:00:00', '2024-06-01 18:00:00', '2024-01-20 10:00:00', '2024-01-21 11:00:00', NULL);

INSERT INTO evento (id, nome, descricao, disponibilidade, data_inicio, data_fim, criado_em, deletado_em, atualizado_em, id_evento_ancora)
VALUES
('223e4567-e89b-12d3-a456-426614174000', 'Subevento 1', 'Descrição do Subevento 1', 'DISPONIVEL', '2024-01-02 09:00:00', '2024-01-02 18:00:00', '2023-12-26 10:00:00', NULL, '2023-12-27 11:00:00', '123e4567-e89b-12d3-a456-426614174000'),
('223e4567-e89b-12d3-a456-426614174001', 'Subevento 2', 'Descrição do Subevento 2', 'DISPONIVEL', '2024-02-02 09:00:00', '2024-02-02 18:00:00', '2023-12-31 10:00:00', NULL, '2024-01-01 11:00:00', '123e4567-e89b-12d3-a456-426614174001'),
('223e4567-e89b-12d3-a456-426614174002', 'Subevento 3', 'Descrição do Subevento 3', 'DISPONIVEL', '2024-03-02 09:00:00', '2024-03-02 18:00:00', '2024-01-02 10:00:00', NULL, '2024-01-03 11:00:00', '123e4567-e89b-12d3-a456-426614174002'),
('223e4567-e89b-12d3-a456-426614174003', 'Subevento 4', 'Descrição do Subevento 4', 'DISPONIVEL', '2024-04-02 09:00:00', '2024-04-02 18:00:00', '2024-01-11 10:00:00', NULL, '2024-01-12 11:00:00', '123e4567-e89b-12d3-a456-426614174003'),
('223e4567-e89b-12d3-a456-426614174004', 'Subevento 5', 'Descrição do Subevento 5', 'DISPONIVEL', '2024-05-02 09:00:00', '2024-05-02 18:00:00', '2024-01-16 10:00:00', NULL, '2024-01-17 11:00:00', '123e4567-e89b-12d3-a456-426614174004'),
('223e4567-e89b-12d3-a456-426614174005', 'Subevento 6', 'Descrição do Subevento 6', 'DISPONIVEL', '2024-06-02 09:00:00', '2024-06-02 18:00:00', '2024-01-21 10:00:00', NULL, '2024-01-22 11:00:00', '123e4567-e89b-12d3-a456-426614174005'),
('223e4567-e89b-12d3-a456-426614174006', 'Subevento 7', 'Descrição do Subevento 7', 'DISPONIVEL', '2024-07-02 09:00:00', '2024-07-02 18:00:00', '2024-02-01 10:00:00', NULL, '2024-02-02 11:00:00', '123e4567-e89b-12d3-a456-426614174000');

INSERT INTO ingresso (id, nome, descricao, imagem, disponibilidade, data_inicio, data_fim, criado_em, deletado_em, atualizado_em, id_evento)
VALUES
('323e4567-e89b-12d3-a456-426614174000', 'Ingresso 1', 'Descrição do Ingresso 1', 'https://es.web.img3.acsta.net/pictures/19/07/09/14/34/1532536.jpg?coixp=57&coiyp=52', 'DISPONIVEL', '2024-01-03 09:00:00', '2024-01-03 18:00:00', '2023-12-27 10:00:00', NULL, '2023-12-28 11:00:00', '223e4567-e89b-12d3-a456-426614174000'),
('323e4567-e89b-12d3-a456-426614174001', 'Ingresso 2', 'Descrição do Ingresso 2', 'https://es.web.img3.acsta.net/pictures/19/07/09/14/34/1532536.jpg?coixp=57&coiyp=52', 'DISPONIVEL', '2024-02-03 09:00:00', '2024-02-03 18:00:00', '2023-12-31 10:00:00', NULL, '2024-01-01 11:00:00', '223e4567-e89b-12d3-a456-426614174001'),
('323e4567-e89b-12d3-a456-426614174002', 'Ingresso 3', 'Descrição do Ingresso 3', 'https://es.web.img3.acsta.net/pictures/19/07/09/14/34/1532536.jpg?coixp=57&coiyp=52', 'DISPONIVEL', '2024-03-03 09:00:00', '2024-03-03 18:00:00', '2024-01-03 10:00:00', NULL, '2024-01-04 11:00:00', '223e4567-e89b-12d3-a456-426614174002'),
('323e4567-e89b-12d3-a456-426614174003', 'Ingresso 4', 'Descrição do Ingresso 4', 'https://es.web.img3.acsta.net/pictures/19/07/09/14/34/1532536.jpg?coixp=57&coiyp=52', 'DISPONIVEL', '2024-04-03 09:00:00', '2024-04-03 18:00:00', '2024-01-12 10:00:00', NULL, '2024-01-13 11:00:00', '223e4567-e89b-12d3-a456-426614174003'),
('323e4567-e89b-12d3-a456-426614174004', 'Ingresso 5', 'Descrição do Ingresso 5', 'https://es.web.img3.acsta.net/pictures/19/07/09/14/34/1532536.jpg?coixp=57&coiyp=52', 'DISPONIVEL', '2024-05-03 09:00:00', '2024-05-03 18:00:00', '2024-01-17 10:00:00', NULL, '2024-01-18 11:00:00', '223e4567-e89b-12d3-a456-426614174004'),
('323e4567-e89b-12d3-a456-426614174005', 'Ingresso 6', 'Descrição do Ingresso 6', 'https://es.web.img3.acsta.net/pictures/19/07/09/14/34/1532536.jpg?coixp=57&coiyp=52', 'DISPONIVEL', '2024-06-03 09:00:00', '2024-06-03 18:00:00', '2024-01-22 10:00:00', NULL, '2024-01-23 11:00:00', '223e4567-e89b-12d3-a456-426614174005');

INSERT INTO sessao (id, nome, descricao, disponibilidade, data_inicio, data_fim, criado_em, deletado_em, atualizado_em, id_ingresso)
VALUES
('423e4567-e89b-12d3-a456-426614174000', 'Sessão 1', 'Descrição da Sessão 1', 'DISPONIVEL', '2024-01-04 09:00:00', '2024-01-04 18:00:00', '2023-12-28 10:00:00', NULL, '2023-12-29 11:00:00', '323e4567-e89b-12d3-a456-426614174000'),
('423e4567-e89b-12d3-a456-426614174001', 'Sessão 2', 'Descrição da Sessão 2', 'DISPONIVEL', '2024-02-04 09:00:00', '2024-02-04 18:00:00', '2024-01-01 10:00:00', NULL, '2024-01-02 11:00:00', '323e4567-e89b-12d3-a456-426614174001'),
('423e4567-e89b-12d3-a456-426614174002', 'Sessão 3', 'Descrição da Sessão 3', 'DISPONIVEL', '2024-03-04 09:00:00', '2024-03-04 18:00:00', '2024-01-04 10:00:00', NULL, '2024-01-05 11:00:00', '323e4567-e89b-12d3-a456-426614174002'),
('423e4567-e89b-12d3-a456-426614174003', 'Sessão 4', 'Descrição da Sessão 4', 'DISPONIVEL', '2024-04-04 09:00:00', '2024-04-04 18:00:00', '2024-01-13 10:00:00', NULL, '2024-01-14 11:00:00', '323e4567-e89b-12d3-a456-426614174003'),
('423e4567-e89b-12d3-a456-426614174004', 'Sessão 5', 'Descrição da Sessão 5', 'DISPONIVEL', '2024-05-04 09:00:00', '2024-05-04 18:00:00', '2024-01-18 10:00:00', NULL, '2024-01-19 11:00:00', '323e4567-e89b-12d3-a456-426614174004'),
('423e4567-e89b-12d3-a456-426614174005', 'Sessão 6', 'Descrição da Sessão 6', 'DISPONIVEL', '2024-06-04 09:00:00', '2024-06-04 18:00:00', '2024-01-23 10:00:00', NULL, '2024-01-24 11:00:00', '323e4567-e89b-12d3-a456-426614174005'),
('423e4567-e89b-12d3-a456-426614174006', 'Sessão 7', 'Descrição da Sessão 7', 'DISPONIVEL', '2024-07-04 09:00:00', '2024-07-04 18:00:00', '2024-02-03 10:00:00', NULL, '2024-02-04 11:00:00', '323e4567-e89b-12d3-a456-426614174006');

INSERT INTO preco_sessao (id, nome, descricao, disponibilidade, preco, quantidade_maxima, inicio_vendas, fim_vendas, min_por_compra, max_por_compra, criado_em, deletado_em, atualizado_em, id_sessao)
VALUES
('523e4567-e89b-12d3-a456-426614174000', 'Preço Sessão 1', 'Descrição Preço Sessão 1', 'DISPONIVEL', 100.000000000, 500, '2024-01-05 09:00:00', '2024-01-05 18:00:00', 1, 5, '2023-12-29 10:00:00', NULL, '2023-12-30 11:00:00', '423e4567-e89b-12d3-a456-426614174000'),
('523e4567-e89b-12d3-a456-426614174001', 'Preço Sessão 2', 'Descrição Preço Sessão 2', 'DISPONIVEL', 150.000000000, 400, '2024-02-05 09:00:00', '2024-02-05 18:00:00', 1, 4, '2024-01-02 10:00:00', NULL, '2024-01-03 11:00:00', '423e4567-e89b-12d3-a456-426614174001'),
('523e4567-e89b-12d3-a456-426614174002', 'Preço Sessão 3', 'Descrição Preço Sessão 3', 'DISPONIVEL', 200.000000000, 300, '2024-03-05 09:00:00', '2024-03-05 18:00:00', 2, 6, '2024-01-05 10:00:00', NULL, '2024-01-06 11:00:00', '423e4567-e89b-12d3-a456-426614174002'),
('523e4567-e89b-12d3-a456-426614174003', 'Preço Sessão 4', 'Descrição Preço Sessão 4', 'DISPONIVEL', 250.000000000, 200, '2024-04-05 09:00:00', '2024-04-05 18:00:00', 1, 3, '2024-01-14 10:00:00', NULL, '2024-01-15 11:00:00', '423e4567-e89b-12d3-a456-426614174003'),
('523e4567-e89b-12d3-a456-426614174004', 'Preço Sessão 5', 'Descrição Preço Sessão 5', 'DISPONIVEL', 300.000000000, 100, '2024-05-05 09:00:00', '2024-05-05 18:00:00', 2, 4, '2024-01-19 10:00:00', NULL, '2024-01-20 11:00:00', '423e4567-e89b-12d3-a456-426614174004'),
('523e4567-e89b-12d3-a456-426614174005', 'Preço Sessão 6', 'Descrição Preço Sessão 6', 'DISPONIVEL', 350.000000000, 50, '2024-06-05 09:00:00', '2024-06-05 18:00:00', 1, 2, '2024-01-24 10:00:00', NULL, '2024-01-25 11:00:00', '423e4567-e89b-12d3-a456-426614174005');